{
    "animation": [
        {
            "name": "Root",
            "time": [0.0, 0.1833, 0.3, 0.3667, 0.4667, 0.8333],
            "transform": [
                [1.0, 0.0, 0.0, -5e-06, 0.0, 0.0, -1.0, -0.013766, 0.0, 1.0, 0.0, 0.724737, 0.0, 0.0, 0.0, 1.0],
                [1.0, 0.0, 0.0, -5e-06, 0.0, 0.0, -1.0, 0.465182, 0.0, 1.0, 0.0, 0.672444, 0.0, 0.0, 0.0, 1.0],
                [1.0, 0.0, 0.0, -5e-06, 0.0, 0.0, -1.0, 0.597257, 0.0, 1.0, 0.0, 0.732457, 0.0, 0.0, 0.0, 1.0],
                [1.0, 0.0, 0.0, -5e-06, 0.0, 0.0, -1.0, 0.760281, 0.0, 1.0, 0.0, 0.734046, 0.0, 0.0, 0.0, 1.0],
                [1.0, 0.0, 0.0, -5e-06, 0.0, 0.0, -1.0, 1.043037, 0.0, 1.0, 0.0, 0.657815, 0.0, 0.0, 0.0, 1.0],
                [1.0, 0.0, 0.0, -5e-06, 0.0, 0.0, -1.0, 0.47553, 0.0, 1.0, 0.0, 0.754694, 0.0, 0.0, 0.0, 1.0]
            ]
        },
        {
            "name": "Thigh_R",
            "time": [0.0, 0.1833, 0.3, 0.3667, 0.4667, 0.8333],
            "transform": [
                [0.975867, -0.038621, -0.214922, 0.10185, -0.001514, -0.985408, 0.170201, -0.002131, -0.218359, -0.165768, -0.961686, -0.102715, 0.0, 0.0, 0.0, 1.0],
                [0.992268, -0.046784, -0.114956, 0.10185, 0.024948, -0.832143, 0.554001, -0.002131, -0.121578, -0.552585, -0.824541, -0.102715, 0.0, 0.0, 0.0, 1.0],
                [0.993901, -0.013835, -0.109407, 0.10185, -0.000576, -0.992737, 0.120303, 0.002609, -0.110277, -0.119506, -0.98669, -0.072696, 0.0, 0.0, 0.0, 1.0],
                [0.99484, -0.01364, -0.100531, 0.10185, -0.019818, -0.997959, -0.060715, 0.008841, -0.099498, 0.062394, -0.99308, -0.033226, 0.0, 0.0, 0.0, 1.0],
                [0.994918, -0.013923, -0.099721, 0.10185, -0.063144, -0.857713, -0.510236, 0.019813, -0.078428, 0.51394, -0.854234, 0.036263, 0.0, 0.0, 0.0, 1.0],
                [0.975867, -0.038621, -0.214922, 0.10185, -0.001514, -0.985408, 0.170202, -0.002131, -0.218359, -0.165769, -0.961686, -0.102715, 0.0, 0.0, 0.0, 1.0]
            ]
        },
        {
            "name": "Leg_R",
            "time": [0.0, 0.1833, 0.3, 0.3667, 0.4667, 0.8333],
            "transform": [
                [1.0, 5e-06, 1e-06, 0.0, -5e-06, 0.97481, 0.223037, 0.374726, -0.0, -0.223037, 0.97481, -0.0, 0.0, 0.0, 0.0, 1.0],
                [1.0, 1.1e-05, 4e-06, -0.0, -1.1e-05, 0.859957, 0.510366, 0.374726, 2e-06, -0.510366, 0.859957, 0.0, 0.0, 0.0, 0.0, 1.0],
                [1.0, 0.0, 1e-06, -0.0, -0.0, 0.999999, 0.001462, 0.374726, -1e-06, -0.001462, 0.999999, 0.0, 0.0, 0.0, 0.0, 1.0],
                [1.0, 0.0, 1e-06, 0.0, -0.0, 0.999999, 0.001463, 0.374726, -1e-06, -0.001463, 0.999999, -0.0, 0.0, 0.0, 0.0, 1.0],
                [1.0, 0.0, 1e-06, -0.0, -0.0, 0.999999, 0.001461, 0.374726, -1e-06, -0.001461, 0.999999, 0.0, 0.0, 0.0, 0.0, 1.0],
                [1.0, 5e-06, 1e-06, -0.0, -5e-06, 0.97481, 0.223038, 0.374726, -0.0, -0.223038, 0.97481, -0.0, 0.0, 0.0, 0.0, 1.0]
            ]
        },
        {
            "name": "Knee_R",
            "time": [0.0, 0.8333],
            "transform": [
                [1.0, 0.0, -0.0, 0.0, -0.0, 0.00567, -0.999984, 0.374726, -0.0, 0.999984, 0.00567, -0.0, 0.0, 0.0, 0.0, 1.0],
                [1.0, 0.0, -0.0, -0.0, -0.0, 0.00567, -0.999984, 0.374726, -0.0, 0.999984, 0.00567, -0.0, 0.0, 0.0, 0.0, 1.0]
            ]
        },
        {
            "name": "Thigh_L",
            "time": [0.0, 0.1833, 0.3, 0.3667, 0.4667, 0.8333],
            "transform": [
                [0.560029, -0.140872, -0.816408, -0.090139, -0.017743, -0.987251, 0.15818, 0.000972, -0.828283, -0.0741, -0.555389, 0.103681, 0.0, 0.0, 0.0, 1.0],
                [0.989246, -0.078013, -0.123721, -0.090139, -0.102392, -0.973411, -0.204909, 0.000972, -0.104446, 0.215373, -0.97093, 0.103681, 0.0, 0.0, 0.0, 1.0],
                [0.988757, -0.142224, -0.046174, -0.090139, -0.107267, -0.889764, 0.443637, 0.007292, -0.10418, -0.433696, -0.895016, 0.075242, 0.0, 0.0, 0.0, 1.0],
                [0.98919, -0.144752, -0.023445, -0.090139, -0.084568, -0.693757, 0.715227, 0.015601, -0.119796, -0.705513, -0.698499, 0.03785, 0.0, 0.0, 0.0, 1.0],
                [0.982709, -0.101073, -0.155136, -0.090139, 0.013391, -0.796875, 0.603997, 0.030231, -0.184672, -0.595631, -0.781742, -0.027982, 0.0, 0.0, 0.0, 1.0],
                [0.560029, -0.140873, -0.816408, -0.090139, -0.017743, -0.987251, 0.158181, 0.000972, -0.828283, -0.0741, -0.555389, 0.103681, 0.0, 0.0, 0.0, 1.0]
            ]
        },
        {
            "name": "Leg_L",
            "time": [0.0, 0.1833, 0.3, 0.3667, 0.4667, 0.8333],
            "transform": [
                [1.0, 5e-06, 1e-06, 0.0, -5e-06, 0.971672, 0.236331, 0.374726, -0.0, -0.236331, 0.971673, -0.0, 0.0, 0.0, 0.0, 1.0],
                [1.0, 1e-05, 3e-06, -0.0, -1.1e-05, 0.869621, 0.493719, 0.374726, 2e-06, -0.493719, 0.869621, -0.0, 0.0, 0.0, 0.0, 1.0],
                [1.0, 2.1e-05, 2.3e-05, -0.0, -2.2e-05, -0.079908, 0.996802, 0.374726, 2.3e-05, -0.996802, -0.079908, -0.0, 0.0, 0.0, 0.0, 1.0],
                [1.0, 2e-05, 2.7e-05, -0.0, -2.1e-05, -0.257438, 0.966295, 0.374726, 2.7e-05, -0.966295, -0.257438, -0.0, 0.0, 0.0, 0.0, 1.0],
                [1.0, 1.3e-05, 5e-06, 0.0, -1.3e-05, 0.786621, 0.617436, 0.374726, 4e-06, -0.617436, 0.786621, 0.0, 0.0, 0.0, 0.0, 1.0],
                [1.0, 5e-06, 1e-06, -0.0, -5e-06, 0.971672, 0.236332, 0.374726, -0.0, -0.236332, 0.971672, 0.0, 0.0, 0.0, 0.0, 1.0]
            ]
        },
        {
            "name": "Knee_L",
            "time": [0.0, 0.8333],
            "transform": [
                [1.0, 0.0, -0.0, 0.0, -0.0, 0.00567, -0.999984, 0.374726, -0.0, 0.999984, 0.00567, -0.0, 0.0, 0.0, 0.0, 1.0],
                [1.0, 0.0, -0.0, -0.0, -0.0, 0.00567, -0.999984, 0.374726, 0.0, 0.999984, 0.00567, 0.0, 0.0, 0.0, 0.0, 1.0]
            ]
        },
        {
            "name": "Torso",
            "time": [0.0, 0.1833, 0.3, 0.3667, 0.4667, 0.8333],
            "transform": [
                [0.657299, 0.0, 0.75363, 0.0, 0.0, 1.0, 0.0, 0.05, -0.75363, 0.0, 0.657299, 0.0, 0.0, 0.0, 0.0, 1.0],
                [0.433296, 0.0, 0.901252, 0.0, 0.0, 1.0, 0.0, 0.05, -0.901252, 0.0, 0.433296, 0.0, 0.0, 0.0, 0.0, 1.0],
                [0.660688, 0.0, 0.750661, 0.0, 0.0, 1.0, 0.0, 0.05, -0.750661, 0.0, 0.660688, 0.0, 0.0, 0.0, 0.0, 1.0],
                [0.892444, 0.0, 0.451157, 0.0, 0.0, 1.0, 0.0, 0.05, -0.451157, 0.0, 0.892444, 0.0, 0.0, 0.0, 0.0, 1.0],
                [0.982654, 0.0, -0.185447, 0.0, 0.0, 1.0, 0.0, 0.05, 0.185447, 0.0, 0.982654, 0.0, 0.0, 0.0, 0.0, 1.0],
                [0.657299, 0.0, 0.75363, 0.0, 0.0, 1.0, 0.0, 0.05, -0.75363, 0.0, 0.657299, 0.0, 0.0, 0.0, 0.0, 1.0]
            ]
        },
        {
            "name": "Chest",
            "time": [0.0, 0.1833, 0.3, 0.3667, 0.4667, 0.8333],
            "transform": [
                [0.999341, 0.0, 0.036297, -0.0, 0.0, 1.0, 0.0, 0.3, -0.036297, 0.0, 0.999341, -0.0, 0.0, 0.0, 0.0, 1.0],
                [0.976172, 0.0, 0.216998, 0.0, 0.0, 1.0, 0.0, 0.3, -0.216998, 0.0, 0.976172, -0.0, 0.0, 0.0, 0.0, 1.0],
                [0.994177, 0.0, 0.107754, 0.0, 0.0, 1.0, 0.0, 0.3, -0.107754, 0.0, 0.994177, 0.0, 0.0, 0.0, 0.0, 1.0],
                [0.999231, 0.0, -0.039199, 0.0, 0.0, 1.0, 0.0, 0.3, 0.039199, 0.0, 0.999231, 0.0, 0.0, 0.0, 0.0, 1.0],
                [0.95619, 0.0, -0.292745, 0.0, 0.0, 1.0, 0.0, 0.3, 0.292745, 0.0, 0.95619, 0.0, 0.0, 0.0, 0.0, 1.0],
                [0.999341, 0.0, 0.036297, 0.0, 0.0, 1.0, 0.0, 0.3, -0.036297, 0.0, 0.999341, 0.0, 0.0, 0.0, 0.0, 1.0]
            ]
        },
        {
            "name": "Head",
            "time": [0.0, 0.1833, 0.3, 0.3667, 0.4667, 0.8333],