{
    "animation": [
        {
            "name": "Root",
            "time": [0.0, 0.1333, 0.25, 0.3667, 0.5],
            "transform": [
                [1.0, 0.0, 0.0, -5e-06, 0.0, 0.0, -1.0, -0.013766, 0.0, 1.0, 0.0, 0.739031, 0.0, 0.0, 0.0, 1.0],
                [1.0, 0.0, 0.0, -5e-06, 0.0, 0.0, -1.0, -0.013766, 0.0, 1.0, 0.0, 0.73117, 0.0, 0.0, 0.0, 1.0],
                [1.0, 0.0, 0.0, -5e-06, 0.0, 0.0, -1.0, -0.013766, 0.0, 1.0, 0.0, 0.724737, 0.0, 0.0, 0.0, 1.0],
                [1.0, 0.0, 0.0, -5e-06, 0.0, 0.0, -1.0, -0.013766, 0.0, 1.0, 0.0, 0.745463, 0.0, 0.0, 0.0, 1.0],
                [1.0, 0.0, 0.0, -5e-06, 0.0, 0.0, -1.0, -0.013766, 0.0, 1.0, 0.0, 0.739031, 0.0, 0.0, 0.0, 1.0]
            ]
        },
        {
            "name": "Thigh_R",
            "time": [0.0, 0.1333, 0.25, 0.3667, 0.5],
            "transform": [
                [0.993171, -0.09477, -0.068048, 0.143171, 0.027765, -0.374506, 0.926809, 0.042444, -0.113318, -0.922369, -0.369317, -0.149749, 0.0, 0.0, 0.0, 1.0],
                [0.990799, 0.002327, -0.135323, 0.143171, 0.037877, -0.964668, 0.260734, 0.018864, -0.129935, -0.263461, -0.95588, -0.031847, 0.0, 0.0, 0.0, 1.0],
                [0.995943, 0.002378, -0.089957, 0.143171, -0.031057, -0.929146, -0.368407, -0.000435, -0.084459, 0.369706, -0.925302, 0.064647, 0.0, 0.0, 0.0, 1.0],
                [0.99595, -0.078455, -0.043905, 0.143171, -0.037333, -0.805158, 0.591885, 0.018864, -0.081786, -0.587849, -0.804826, -0.031847, 0.0, 0.0, 0.0, 1.0],
                [0.993171, -0.09477, -0.068048, 0.143171, 0.027765, -0.374506, 0.926809, 0.042444, -0.113318, -0.922369, -0.369317, -0.149749, 0.0, 0.0, 0.0, 1.0]
            ]
        },
        {
            "name": "Leg_R",
            "time": [0.0, 0.1333, 0.25, 0.3667, 0.5],
            "transform": [
                [1.0, 1.9e-05, 3e-05, -0.0, -2e-05, -0.390349, 0.920667, 0.374726, 2.9e-05, -0.920667, -0.390349, -0.0, 0.0, 0.0, 0.0, 1.0],
                [1.0, 0.0, 1e-06, 0.0, -0.0, 0.999999, 0.001461, 0.374726, -1e-06, -0.001461, 0.999999, -0.0, 0.0, 0.0, 0.0, 1.0],
                [1.0, 0.0, 1e-06, 0.0, -0.0, 0.999999, 0.001461, 0.374726, -1e-06, -0.001461, 0.999999, -0.0, 0.0, 0.0, 0.0, 1.0],
                [1.0, 1.6e-05, 3.5e-05, -0.0, -1.7e-05, -0.625728, 0.780041, 0.374726, 3.5e-05, -0.780041, -0.625728, -0.0, 0.0, 0.0, 0.0, 1.0],
                [1.0, 1.9e-05, 3e-05, -0.0, -2e-05, -0.390349, 0.920667, 0.374726, 2.9e-05, -0.920667, -0.390349, -0.0, 0.0, 0.0, 0.0, 1.0]
            ]
        },
        {
            "name": "Knee_R",
            "time": [0.0, 0.5],
            "transform": [
                [1.0, 0.0, -0.0, 0.0, -0.0, 0.00567, -0.999984, 0.484724, -0.0, 0.999984, 0.00567, -0.000624, 0.0, 0.0, 0.0, 1.0],
                [1.0, 0.0, -0.0, 0.0, -0.0, 0.00567, -0.999984, 0.484724, -0.0, 0.999984, 0.00567, -0.000624, 0.0, 0.0, 0.0, 1.0]
            ]
        },
        {
            "name": "Thigh_L",
            "time": [0.0, 0.1333, 0.25, 0.3667, 0.5],
            "transform": [
                [0.999894, -0.014418, 0.001953, -0.116584, -0.01335, -0.962518, -0.270889, -0.018326, 0.005786, 0.270834, -0.962609, 0.121883, 0.0, 0.0, 0.0, 1.0],
                [0.999637, -0.014279, 0.022849, -0.116584, -0.022804, -0.900055, 0.435181, 0.032765, 0.014351, -0.435544, -0.900053, 5.1e-05, 0.0, 0.0, 0.0, 1.0],
                [0.998631, 0.019385, 0.048579, -0.116584, -0.040783, -0.292944, 0.95526, 0.074579, 0.032748, -0.955934, -0.291752, -0.09966, 0.0, 0.0, 0.0, 1.0],
                [0.999836, -0.01558, 0.009189, -0.116584, -0.015752, -0.999695, 0.019026, 0.032765, 0.00889, -0.019168, -0.999777, 5.1e-05, 0.0, 0.0, 0.0, 1.0],
                [0.999894, -0.014418, 0.001953, -0.116584, -0.01335, -0.962518, -0.270889, -0.018326, 0.005786, 0.270834, -0.962609, 0.121883, 0.0, 0.0, 0.0, 1.0]
            ]
        },
        {
            "name": "Leg_L",
            "time": [0.0, 0.1333, 0.25, 0.3667, 0.5],
            "transform": [
                [1.0, 0.0, 1e-06, -0.0, -0.0, 0.999999, 0.001468, 0.374726, -1e-06, -0.001468, 0.999999, -0.0, 0.0, 0.0, 0.0, 1.0],
                [1.0, 2e-05, 2.7e-05, -0.0, -2.1e-05, -0.252657, 0.967556, 0.374726, 2.6e-05, -0.967556, -0.252657, 0.0, 0.0, 0.0, 0.0, 1.0],
                [1.0, 2e-05, 2.8e-05, 0.0, -2.1e-05, -0.296305, 0.955093, 0.374726, 2.7e-05, -0.955093, -0.296305, -0.0, 0.0, 0.0, 0.0, 1.0],
                [1.0, 4e-06, 1e-06, -0.0, -5e-06, 0.976936, 0.213533, 0.374726, -0.0, -0.213533, 0.976936, 0.0, 0.0, 0.0, 0.0, 1.0],
                [1.0, 0.0, 1e-06, -0.0, -0.0, 0.999999, 0.001468, 0.374726, -1e-06, -0.001468, 0.999999, -0.0, 0.0, 0.0, 0.0, 1.0]
            ]
        },
        {
            "name": "Knee_L",
            "time": [0.0, 0.5],
            "transform": [
                [1.0, 0.0, -0.0, -0.0, -0.0, 0.00567, -0.999984, 0.374726, -0.0, 0.999984, 0.00567, -0.0, 0.0, 0.0, 0.0, 1.0],
                [1.0, 0.0, -0.0, -0.0, -0.0, 0.00567, -0.999984, 0.374726, -0.0, 0.999984, 0.00567, -0.0, 0.0, 0.0, 0.0, 1.0]
            ]
        },
        {
            "name": "Torso",
            "time": [0.0, 0.1333, 0.25, 0.3667, 0.5],
            "transform": [
                [0.807953, 0.0, 0.589247, 0.0, 0.0, 1.0, 0.0, 0.05, -0.589247, 0.0, 0.807953, 0.0, 0.0, 0.0, 0.0, 1.0],
                [0.997546, 0.0, 0.070007, 0.0, 0.0, 1.0, 0.0, 0.05, -0.070007, 0.0, 0.997546, 0.0, 0.0, 0.0, 0.0, 1.0],
                [0.926314, 0.0, -0.376752, 0.0, 0.0, 1.0, 0.0, 0.05, 0.376752, 0.0, 0.926314, 0.0, 0.0, 0.0, 0.0, 1.0],
                [0.997546, 0.0, 0.070007, 0.0, 0.0, 1.0, 0.0, 0.05, -0.070007, 0.0, 0.997546, 0.0, 0.0, 0.0, 0.0, 1.0],
                [0.807953, 0.0, 0.589247, 0.0, 0.0, 1.0, 0.0, 0.05, -0.589247, 0.0, 0.807953, 0.0, 0.0, 0.0, 0.0, 1.0]
            ]
        },
        {
            "name": "Chest",
            "time": [0.0, 0.1333, 0.25, 0.3667, 0.5],
            "transform": [
                [0.999341, 0.0, 0.036297, 0.0, 0.0, 1.0, 0.0, 0.3, -0.036297, 0.0, 0.999341, -0.0, 0.0, 0.0, 0.0, 1.0],
                [0.999341, 0.0, 0.036297, 0.0, 0.0, 1.0, 0.0, 0.3, -0.036297, 0.0, 0.999341, -0.0, 0.0, 0.0, 0.0, 1.0],
                [0.999341, 0.0, 0.036297, -0.0, 0.0, 1.0, 0.0, 0.3, -0.036297, 0.0, 0.999341, -0.0, 0.0, 0.0, 0.0, 1.0],
                [0.999341, 0.0, 0.036297, 0.0, 0.0, 1.0, 0.0, 0.3, -0.036297, 0.0, 0.999341, -0.0, 0.0, 0.0, 0.0, 1.0],
                [0.999341, 0.0, 0.036297, 0.0, 0.0, 1.0, 0.0, 0.3, -0.036297, 0.0, 0.999341, -0.0, 0.0, 0.0, 0.0, 1.0]
            ]
        },
        {
            "name": "Head",
            "time": [0.0, 0.1333, 0.25, 0.3667, 0.5],
            "transform": [
                [0.779861, 0.0, -0.625952, -0.0, 0.0, 1.0, 0.0, 0.4, 0.625952, 0.0, 0.779861, -0.0, 0.0, 0.0, 0.0, 1.0],
                [0.994545, 0.0, -0.104312, -0.0, 0.0, 1.0, 0.0, 0.4, 0.104312, 0.0, 0.994545, 0.0, 0.0, 0.0, 0.0, 1.0],
                [0.935415, 0.0, 0.353551, 0.0, 0.0, 1.0, 0.0, 0.4, -0.353551, 0.0, 0.935415, 0.0, 0.0, 0.0, 0.0, 1.0],
                [0.994545, 0.0, -0.104312, -0.0, 0.0, 1.0, 0.0, 0.4, 0.104313, 0.0, 0.994545, 0.0, 0.0, 0.0, 0.0, 1.0],
                [0.779861, 0.0, -0.625952, -0.0, 0.0, 1.0, 0.0, 0.4, 0.625952, 0.0, 0.779861, -0.0, 0.0, 0.0, 0.0, 1.0]
            ]
        },
        {
            "name": "Shoulder_R",
            "time": [0.0, 0.5],
            "transform": [
                [0.0, 0.952114, 0.305743, -0.0, 0.0, -0.305743, 0.952114, 0.4, 1.0, 0.0, -0.0, -0.0, 0.0, 0.0, 0.0, 1.0],
                [0.0, 0.952114, 0.305743, -0.0, 0.0, -0.305743, 0.952114, 0.4, 1.0, 0.0, -0.0, -0.0, 0.0, 0.0, 0.0, 1.0]
            ]
        },
        {
            "name": "Arm_R",
            "time": [0.0, 0.1333, 0.25, 0.3667, 0.5],