{
    "animation": [
        {
            "name": "Root",
            "time": [0.0, 0.25, 0.5, 0.75, 1.0],
            "transform": [
                [1.0, 0.0, 0.0, -5e-06, 0.0, 0.0, -1.0, -0.079859, 0.0, 1.0, 0.0, 0.531676, 0.0, 0.0, 0.0, 1.0],
                [1.0, 0.0, 0.0, -5e-06, 0.0, 0.0, -1.0, -0.079859, 0.0, 1.0, 0.0, 0.706577, 0.0, 0.0, 0.0, 1.0],
                [1.0, 0.0, 0.0, -5e-06, 0.0, 0.0, -1.0, -0.079859, 0.0, 1.0, 0.0, 0.531676, 0.0, 0.0, 0.0, 1.0],
                [1.0, 0.0, 0.0, -5e-06, 0.0, 0.0, -1.0, -0.079859, 0.0, 1.0, 0.0, 0.689651, 0.0, 0.0, 0.0, 1.0],
                [1.0, 0.0, 0.0, -5e-06, 0.0, 0.0, -1.0, -0.079859, 0.0, 1.0, 0.0, 0.531676, 0.0, 0.0, 0.0, 1.0]
            ]
        },
        {
            "name": "Thigh_R",
            "time": [0.0, 0.25, 0.5, 0.75, 1.0],
            "transform": [
                [0.999323, 0.034407, 0.012995, 0.11206, 0.036398, -0.975929, -0.21503, -0.005932, 0.005284, 0.215358, -0.976521, 0.061298, 0.0, 0.0, 0.0, 1.0],
                [0.999176, 0.030638, -0.026611, 0.11206, 0.040489, -0.708557, 0.704491, 0.018814, 0.002729, -0.704988, -0.709214, 0.070221, 0.0, 0.0, 0.0, 1.0],
                [0.999798, 0.017469, -0.009975, 0.11206, 0.017173, -0.482918, 0.875497, 0.04356, 0.010477, -0.875492, -0.48312, 0.079144, 0.0, 0.0, 0.0, 1.0],
                [0.999807, 0.01917, 0.004204, 0.11206, 0.015875, -0.915934, 0.401015, 0.018814, 0.011538, -0.400871, -0.916062, 0.070221, 0.0, 0.0, 0.0, 1.0],
                [0.999323, 0.034407, 0.012995, 0.11206, 0.036398, -0.975929, -0.21503, -0.005932, 0.005284, 0.215358, -0.976521, 0.061298, 0.0, 0.0, 0.0, 1.0]
            ]
        },
        {
            "name": "Leg_R",
            "time": [0.0, 0.25, 0.5, 0.75, 1.0],
            "transform": [
                [1.0, 2e-05, 1.4e-05, -0.0, -2e-05, 0.343933, 0.938994, 0.374726, 1.3e-05, -0.938994, 0.343933, 0.0, 0.0, 0.0, 0.0, 1.0],
                [1.0, 1.7e-05, 3.4e-05, 0.0, -1.8e-05, -0.590158, 0.807288, 0.374726, 3.4e-05, -0.807288, -0.590158, -0.0, 0.0, 0.0, 0.0, 1.0],
                [1.0, 1.9e-05, 1.3e-05, -0.0, -2e-05, 0.43312, 0.901336, 0.374726, 1.2e-05, -0.901336, 0.43312, 0.0, 0.0, 0.0, 0.0, 1.0],
                [1.0, 1e-05, 3e-06, 0.0, -1e-05, 0.879768, 0.475403, 0.374726, 2e-06, -0.475403, 0.879768, 0.0, 0.0, 0.0, 0.0, 1.0],
                [1.0, 2e-05, 1.4e-05, -0.0, -2e-05, 0.343933, 0.938994, 0.374726, 1.3e-05, -0.938994, 0.343933, 0.0, 0.0, 0.0, 0.0, 1.0]
            ]
        },
        {
            "name": "Knee_R",
            "time": [0.0, 1.0],
            "transform": [
                [1.0, 0.0, -0.0, -0.0, -0.0, 0.00567, -0.999984, 0.446654, -0.0, 0.999984, 0.00567, -0.000408, 0.0, 0.0, 0.0, 1.0],
                [1.0, 0.0, -0.0, -0.0, -0.0, 0.00567, -0.999984, 0.446654, -0.0, 0.999984, 0.00567, -0.000408, 0.0, 0.0, 0.0, 1.0]
            ]
        },
        {
            "name": "Thigh_L",
            "time": [0.0, 0.25, 0.5, 0.75, 1.0],
            "transform": [
                [0.999694, 0.01241, 0.021377, -0.138947, -0.015002, -0.382738, 0.923735, 0.001114, 0.019645, -0.923774, -0.382435, 0.022415, 0.0, 0.0, 0.0, 1.0],
                [0.999812, 0.001672, 0.019338, -0.138947, -0.004173, -0.954466, 0.298291, 0.023326, 0.018957, -0.298315, -0.954279, -0.031928, 0.0, 0.0, 0.0, 1.0],
                [0.999781, 0.008237, 0.019222, -0.138947, 0.01378, -0.950863, -0.309305, 0.045537, 0.01573, 0.309502, -0.950769, -0.08627, 0.0, 0.0, 0.0, 1.0],
                [0.999843, 0.013773, 0.011126, -0.138947, 0.002282, -0.723391, 0.690435, 0.023326, 0.017557, -0.690301, -0.723309, -0.031927, 0.0, 0.0, 0.0, 1.0],
                [0.999694, 0.01241, 0.021377, -0.138947, -0.015002, -0.382738, 0.923735, 0.001114, 0.019645, -0.923774, -0.382435, 0.022415, 0.0, 0.0, 0.0, 1.0]
            ]
        },
        {
            "name": "Leg_L",
            "time": [0.0, 0.25, 0.5, 0.75, 1.0],
            "transform": [
                [1.0, 1.9e-05, 1.4e-05, -0.0, -2e-05, 0.390591, 0.920564, 0.374726, 1.3e-05, -0.920564, 0.390591, 0.0, 0.0, 0.0, 0.0, 1.0],
                [1.0, 6e-06, 2e-06, -0.0, -6e-06, 0.955779, 0.294086, 0.374726, 0.0, -0.294086, 0.955779, -0.0, 0.0, 0.0, 0.0, 1.0],
                [1.0, 1.7e-05, 9e-06, 0.0, -1.8e-05, 0.590031, 0.80738, 0.374726, 8e-06, -0.807381, 0.590031, 0.0, 0.0, 0.0, 0.0, 1.0],
                [1.0, 1.9e-05, 3.1e-05, -0.0, -1.9e-05, -0.457421, 0.88925, 0.374726, 3.1e-05, -0.88925, -0.457422, -0.0, 0.0, 0.0, 0.0, 1.0],
                [1.0, 1.9e-05, 1.4e-05, -0.0, -2e-05, 0.390591, 0.920564, 0.374726, 1.3e-05, -0.920564, 0.390591, 0.0, 0.0, 0.0, 0.0, 1.0]
            ]
        },
        {
            "name": "Knee_L",
            "time": [0.0, 1.0],
            "transform": [
                [1.0, 0.0, -0.0, 0.0, -0.0, 0.00567, -0.999984, 0.441384, -0.0, 0.999984, 0.00567, -0.000378, 0.0, 0.0, 0.0, 1.0],
                [1.0, 0.0, -0.0, 0.0, -0.0, 0.00567, -0.999984, 0.441384, -0.0, 0.999984, 0.00567, -0.000378, 0.0, 0.0, 0.0, 1.0]
            ]
        },
        {
            "name": "Torso",
            "time": [0.0, 0.25, 0.5, 0.75, 1.0],
            "transform": [
                [0.919626, -0.056034, 0.388778, 0.0, -0.016774, 0.983268, 0.181394, 0.05, -0.392437, -0.173336, 0.903298, 0.0, 0.0, 0.0, 0.0, 1.0],
                [0.999859, 0.016616, 0.002391, 0.0, -0.016774, 0.983268, 0.181394, 0.05, 0.000663, -0.181409, 0.983408, 0.0, 0.0, 0.0, 0.0, 1.0],
                [0.919105, 0.08659, -0.38438, 0.0, -0.016774, 0.983268, 0.181394, 0.05, 0.393655, -0.160273, 0.905179, 0.0, 0.0, 0.0, 0.0, 1.0],
                [0.999859, 0.016616, 0.002391, 0.0, -0.016774, 0.983268, 0.181394, 0.05, 0.000663, -0.181409, 0.983408, 0.0, 0.0, 0.0, 0.0, 1.0],
                [0.919626, -0.056034, 0.388778, 0.0, -0.016774, 0.983268, 0.181394, 0.05, -0.392437, -0.173336, 0.903298, 0.0, 0.0, 0.0, 0.0, 1.0]
            ]
        },
        {
            "name": "Chest",
            "time": [0.0, 0.25, 0.5, 0.75, 1.0],
            "transform": [
                [0.999334, -0.035472, -0.008546, 0.0, 0.036364, 0.949067, 0.31297, 0.3, -0.002991, -0.313073, 0.949725, -0.0, 0.0, 0.0, 0.0, 1.0],
                [0.918559, 0.159552, -0.361652, -0.0, -0.038147, 0.946429, 0.320651, 0.3, 0.393438, -0.280741, 0.875438, 0.0, 0.0, 0.0, 0.0, 1.0],
                [0.682229, 0.325075, -0.654897, -0.0, -0.10313, 0.929552, 0.353973, 0.3, 0.723828, -0.173952, 0.667693, 0.0, 0.0, 0.0, 0.0, 1.0],
                [0.918559, 0.159552, -0.361652, -0.0, -0.038147, 0.946429, 0.320651, 0.3, 0.393438, -0.280741, 0.875438, 0.0, 0.0, 0.0, 0.0, 1.0],
                [0.999334, -0.035472, -0.008546, 0.0, 0.036364, 0.949067, 0.31297, 0.3, -0.002991, -0.313073, 0.949725, -0.0, 0.0, 0.0, 0.0, 1.0]
            ]
        },
        {
            "name": "Head",
            "time": [0.0, 0.25, 0.5, 0.75, 1.0],
            "transform": [
                [0.908381, 0.020766, -0.417627, 0.0, -0.222435, 0.869723, -0.440572, 0.4, 0.354071, 0.493103, 0.794659, -0.0, 0.0, 0.0, 0.0, 1.0],
                [0.929622, 0.030775, 0.367227, 0.0, 0.154216, 0.872564, -0.463517, 0.4, -0.334694, 0.487528, 0.806409, 0.0, 0.0, 0.0, 0.0, 1.0],
                [0.377418, 0.033182, 0.925448, -0.0, 0.43126, 0.878075, -0.207361, 0.4, -0.819494, 0.477371, 0.317091, -0.0, 0.0, 0.0, 0.0, 1.0],
                [0.929622, 0.030775, 0.367227, 0.0, 0.154216, 0.872564, -0.463517, 0.4, -0.334694, 0.487528, 0.806409, 0.0, 0.0, 0.0, 0.0, 1.0],
                [0.908381, 0.020766, -0.417627, 0.0, -0.222435, 0.869723, -0.440572, 0.4, 0.354071, 0.493103, 0.794659, -0.0, 0.0, 0.0, 0.0, 1.0]
            ]
        },
        {
            "name": "Shoulder_R",
            "time": [0.0, 0.25, 0.5, 0.75, 1.0],