{
    "animation": [
        {
            "name": "Root",
            "time": [0.0, 0.3333, 0.6667, 1.0, 1.3333],
            "transform": [
                [1.0, 0.0, 0.0, -5e-06, 0.0, 0.0, -1.0, -0.013766, 0.0, 1.0, 0.0, 0.724737, 0.0, 0.0, 0.0, 1.0],
                [1.0, 0.0, 0.0, -5e-06, 0.0, 0.0, -1.0, -0.013766, 0.0, 1.0, 0.0, 0.739031, 0.0, 0.0, 0.0, 1.0],
                [1.0, 0.0, 0.0, -5e-06, 0.0, 0.0, -1.0, -0.013766, 0.0, 1.0, 0.0, 0.710444, 0.0, 0.0, 0.0, 1.0],
                [1.0, 0.0, 0.0, -5e-06, 0.0, 0.0, -1.0, -0.013766, 0.0, 1.0, 0.0, 0.739031, 0.0, 0.0, 0.0, 1.0],
                [1.0, 0.0, 0.0, -5e-06, 0.0, 0.0, -1.0, -0.013766, 0.0, 1.0, 0.0, 0.724737, 0.0, 0.0, 0.0, 1.0]
            ]
        },
        {
            "name": "Thigh_R",
            "time": [0.0, 0.3333, 0.6667, 1.0, 1.3333],
            "transform": [
                [0.995943, 0.002378, -0.089957, 0.143171, -0.031057, -0.929146, -0.368407, -0.000435, -0.084459, 0.369706, -0.925302, 0.064647, 0.0, 0.0, 0.0, 1.0],
                [0.995412, -0.07695, -0.056858, 0.143171, -0.018411, -0.737217, 0.675405, 0.021005, -0.09389, -0.67126, -0.735252, -0.042551, 0.0, 0.0, 0.0, 1.0],
                [0.992037, -0.071837, -0.103446, 0.143171, 0.04099, -0.592488, 0.804536, 0.042444, -0.119086, -0.80237, -0.584826, -0.149749, 0.0, 0.0, 0.0, 1.0],
                [0.994957, 0.001614, -0.100292, 0.143171, -0.008704, -0.99471, -0.102356, 0.021005, -0.099926, 0.102712, -0.989679, -0.042551, 0.0, 0.0, 0.0, 1.0],
                [0.995943, 0.002378, -0.089957, 0.143171, -0.031057, -0.929146, -0.368407, -0.000435, -0.084459, 0.369706, -0.925302, 0.064647, 0.0, 0.0, 0.0, 1.0]
            ]
        },
        {
            "name": "Leg_R",
            "time": [0.0, 0.3333, 0.6667, 1.0, 1.3333],
            "transform": [
                [1.0, 0.0, 1e-06, 0.0, -0.0, 0.999999, 0.001461, 0.374726, -1e-06, -0.001461, 0.999999, -0.0, 0.0, 0.0, 0.0, 1.0],
                [1.0, 1.9e-05, 3e-05, -0.0, -2e-05, -0.379995, 0.924988, 0.374726, 2.9e-05, -0.924988, -0.379995, 0.0, 0.0, 0.0, 0.0, 1.0],
                [1.0, 2e-05, 1.5e-05, 0.0, -2.1e-05, 0.303938, 0.952692, 0.374726, 1.4e-05, -0.952692, 0.303938, -0.0, 0.0, 0.0, 0.0, 1.0],
                [1.0, 0.0, 1e-06, -0.0, -0.0, 0.999999, 0.001481, 0.374726, -1e-06, -0.001481, 0.999999, 0.0, 0.0, 0.0, 0.0, 1.0],
                [1.0, 0.0, 1e-06, 0.0, -0.0, 0.999999, 0.001461, 0.374726, -1e-06, -0.001461, 0.999999, -0.0, 0.0, 0.0, 0.0, 1.0]
            ]
        },
        {
            "name": "Knee_R",
            "time": [0.0, 1.3333],
            "transform": [
                [1.0, 0.0, -0.0, -0.0, -0.0, 0.00567, -0.999984, 0.374726, -0.0, 0.999984, 0.00567, -0.0, 0.0, 0.0, 0.0, 1.0],
                [1.0, 0.0, -0.0, -0.0, -0.0, 0.00567, -0.999984, 0.374726, -0.0, 0.999984, 0.00567, -0.0, 0.0, 0.0, 0.0, 1.0]
            ]
        },
        {
            "name": "Thigh_L",
            "time": [0.0, 0.3333, 0.6667, 1.0, 1.3333],
            "transform": [
                [0.998918, -0.001586, 0.046473, -0.116584, -0.036441, -0.647519, 0.761178, 0.074579, 0.028885, -0.762048, -0.646876, -0.09966, 0.0, 0.0, 0.0, 1.0],
                [0.999909, -0.012371, 0.005349, -0.116584, -0.012096, -0.998741, -0.048696, 0.028126, 0.005944, 0.048627, -0.998799, 0.011112, 0.0, 0.0, 0.0, 1.0],
                [0.999864, -0.016425, 0.001706, -0.116584, -0.015012, -0.947144, -0.320459, -0.018326, 0.00688, 0.32039, -0.947261, 0.121883, 0.0, 0.0, 0.0, 1.0],
                [0.999138, 0.003994, 0.041316, -0.116584, -0.034514, -0.472996, 0.880388, 0.028126, 0.023058, -0.881056, -0.472451, 0.011112, 0.0, 0.0, 0.0, 1.0],
                [0.998918, -0.001586, 0.046473, -0.116584, -0.036441, -0.647519, 0.761178, 0.074579, 0.028885, -0.762048, -0.646876, -0.09966, 0.0, 0.0, 0.0, 1.0]
            ]
        },
        {
            "name": "Leg_L",
            "time": [0.0, 0.3333, 0.6667, 1.0, 1.3333],
            "transform": [
                [1.0, 1.4e-05, 6e-06, -0.0, -1.4e-05, 0.764419, 0.644719, 0.374726, 4e-06, -0.644719, 0.764419, 0.0, 0.0, 0.0, 0.0, 1.0],
                [1.0, 0.0, 1e-06, -0.0, -0.0, 0.999999, 0.001477, 0.374726, -1e-06, -0.001477, 0.999999, 0.0, 0.0, 0.0, 0.0, 1.0],
                [1.0, 5e-06, 1e-06, 0.0, -5e-06, 0.969056, 0.246839, 0.374726, -0.0, -0.246839, 0.969056, 0.0, 0.0, 0.0, 0.0, 1.0],
                [1.0, 1.8e-05, 3.3e-05, 0.0, -1.8e-05, -0.547602, 0.836738, 0.374726, 3.3e-05, -0.836739, -0.547603, -0.0, 0.0, 0.0, 0.0, 1.0],
                [1.0, 1.4e-05, 6e-06, -0.0, -1.4e-05, 0.764419, 0.644719, 0.374726, 4e-06, -0.644719, 0.764419, 0.0, 0.0, 0.0, 0.0, 1.0]
            ]
        },
        {
            "name": "Knee_L",
            "time": [0.0, 1.3333],
            "transform": [
                [1.0, 0.0, -0.0, -0.0, -0.0, 0.00567, -0.999984, 0.392134, -0.0, 0.999984, 0.00567, -9.9e-05, 0.0, 0.0, 0.0, 1.0],
                [1.0, 0.0, -0.0, -0.0, -0.0, 0.00567, -0.999984, 0.392134, -0.0, 0.999984, 0.00567, -9.9e-05, 0.0, 0.0, 0.0, 1.0]
            ]
        },
        {
            "name": "Torso",
            "time": [0.0, 0.3333, 0.6667, 1.0, 1.3333],
            "transform": [
                [0.926314, 0.0, -0.376752, 0.0, 0.0, 1.0, 0.0, 0.05, 0.376752, 0.0, 0.926314, 0.0, 0.0, 0.0, 0.0, 1.0],
                [0.992577, 0.0, 0.121618, 0.0, 0.0, 1.0, 0.0, 0.05, -0.121618, 0.0, 0.992577, 0.0, 0.0, 0.0, 0.0, 1.0],
                [0.807953, 0.0, 0.589247, 0.0, 0.0, 1.0, 0.0, 0.05, -0.589247, 0.0, 0.807953, 0.0, 0.0, 0.0, 0.0, 1.0],
                [0.992577, 0.0, 0.121618, 0.0, 0.0, 1.0, 0.0, 0.05, -0.121618, 0.0, 0.992577, 0.0, 0.0, 0.0, 0.0, 1.0],
                [0.926314, 0.0, -0.376752, 0.0, 0.0, 1.0, 0.0, 0.05, 0.376752, 0.0, 0.926314, 0.0, 0.0, 0.0, 0.0, 1.0]
            ]
        },
        {
            "name": "Chest",
            "time": [0.0, 0.3333, 0.6667, 1.0, 1.3333],
            "transform": [
                [0.999341, 0.0, 0.036297, -0.0, 0.0, 1.0, 0.0, 0.3, -0.036297, 0.0, 0.999341, -0.0, 0.0, 0.0, 0.0, 1.0],
                [0.999341, 0.0, 0.036297, -0.0, 0.0, 1.0, 0.0, 0.3, -0.036297, 0.0, 0.999341, -0.0, 0.0, 0.0, 0.0, 1.0],
                [0.999341, 0.0, 0.036297, 0.0, 0.0, 1.0, 0.0, 0.3, -0.036297, 0.0, 0.999341, -0.0, 0.0, 0.0, 0.0, 1.0],
                [0.999341, 0.0, 0.036297, -0.0, 0.0, 1.0, 0.0, 0.3, -0.036297, 0.0, 0.999341, -0.0, 0.0, 0.0, 0.0, 1.0],
                [0.999341, 0.0, 0.036297, -0.0, 0.0, 1.0, 0.0, 0.3, -0.036297, 0.0, 0.999341, -0.0, 0.0, 0.0, 0.0, 1.0]
            ]
        },
        {
            "name": "Head",
            "time": [0.0, 0.3333, 0.6667, 1.0, 1.3333],
            "transform": [
                [0.935415, 0.0, 0.353551, 0.0, 0.0, 1.0, 0.0, 0.4, -0.353551, 0.0, 0.935415, 0.0, 0.0, 0.0, 0.0, 1.0],
                [0.987624, 0.0, -0.156843, 0.0, 0.0, 1.0, 0.0, 0.4, 0.156843, 0.0, 0.987624, -0.0, 0.0, 0.0, 0.0, 1.0],
                [0.779861, 0.0, -0.625952, -0.0, 0.0, 1.0, 0.0, 0.4, 0.625952, 0.0, 0.779861, -0.0, 0.0, 0.0, 0.0, 1.0],
                [0.987624, 0.0, -0.156843, 0.0, 0.0, 1.0, 0.0, 0.4, 0.156843, 0.0, 0.987624, -0.0, 0.0, 0.0, 0.0, 1.0],
                [0.935415, 0.0, 0.353551, 0.0, 0.0, 1.0, 0.0, 0.4, -0.353551, 0.0, 0.935415, 0.0, 0.0, 0.0, 0.0, 1.0]
            ]
        },
        {
            "name": "Shoulder_R",
            "time": [0.0, 1.3333],
            "transform": [
                [0.0, 0.952114, 0.305743, 0.0, 0.0, -0.305743, 0.952114, 0.4, 1.0, 0.0, -0.0, 0.0, 0.0, 0.0, 0.0, 1.0],
                [0.0, 0.952114, 0.305743, 0.0, 0.0, -0.305743, 0.952114, 0.4, 1.0, 0.0, -0.0, 0.0, 0.0, 0.0, 0.0, 1.0]
            ]
        },
        {
            "name": "Arm_R",
            "time": [0.0, 0.3333, 0.6667, 1.0, 1.3333],